name_ar,reason
الشركة الاهلية المحلية توني بلاست وان,Le nom n'a pas de correspondance directe avec la liste fournie.
سباسب الوسط الغربي شركة اهلية جهوية,Le nom arabe ne correspond à aucun nom de société française dans la liste.
الشركة الأهلية المحلية الأجرد لتثمين الثروات,Le nom arabe ne correspond à aucune société française de la liste.
الشركة الأهلية المحلية بئر السلايمية,Le nom n'a pas de correspondance avec les noms français de la liste.
الشركة الأهلية المحلية زهرة الحياة,Le nom n'a pas de correspondance directe sur la liste fournie.
الشركة الاهلية المحلية الشواشي للخدمات الفلاحية,Le nom arabe ne correspond à aucune société française sur la liste.
شركة بير مرجان للفلاحة العصرية,aucune correspondance
الشركة الأهلية الجهوية بركة الكاف,Le nom 'الشركة الأهلية الجهوية بركة الكاف' ne correspond à aucun nom de société français de la liste.
الشركة الأهلية المحلية للخدمات الفلاحية بالدهماني و القصور,le nom n'a pas de correspondance directe
الشركة الأهلية المحلية الشملالي,Le nom arabe ne correspond à aucun nom de société française dans la liste.
المبادرة لخدمات النقل العمومي غير المنتظم شركة أهلية جهوية,Le nom arabe ne correspond à aucune société française dans la liste.
الشركة الأهلية المحلية الماسة للفلاحة المندمجة,Le nom arabe ne correspond à aucun nom français de la liste.
الشركة الأهلية المحلية ريحانة,Le nom 'الشركة الأهلية المحلية ريحانة' n'a pas de correspondance directe avec aucun nom de société française dans la liste.
المسيد للسياحة الايكولوجية شركة أهلية محلية,لا يوجد تطابق مع أي اسم في القائمة
الشركة الأهلية الجهوية لحرف المكفوفين بباجة,Le nom arabe ne correspond à aucun nom de société française sur la liste.
شركة السلامة بقرام قبلاط,Le nom arabe ne correspond à aucun nom de société français de la liste.
سواعد قبلاط,aucune correspondance
باش حامبة الخير شركة أهلية محلية,Le nom arabe ne correspond à aucun nom de société française.
سوا أجريفوتور شركة الأهلية المحلية,pas de correspondance
الشركة الأهلية المحلية سهول غانم,Le nom arabe ne correspond à aucun nom de société française dans la liste.
الشركة الأهلية المحلية التوازن مجاز الباب,Le nom arabe ne correspond à aucun nom de société dans la liste française.
الشركة الأهلية المحلية أوذنة للخدمات,Le nom arabe ne correspond à aucun nom de société français dans la liste.
بيوغاز تثمين شركة اهلية جهوية,Le nom 'بيوغاز تثمين شركة اهلية جهوية' ne correspond à aucun nom de société française dans la liste fournie.
الشركة الأهلية المحلية الوفرة للفلاحة,Le nom ne correspond à aucun nom de société dans la liste fournie.
الشركة الاهلية الجهوية حرائر الواحة بتوزر,Le nom arabe ne correspond à aucun nom de société française dans la liste.
الشركة الأهلية الجهوية الأقصى المبارك,Le nom arabe ne correspond à aucun nom de société française dans la liste.
الشركة الأهلية الجهوية للنقل ابن شباط,Le nom ne correspond à aucun nom de société dans la liste fournie.
الشركة الأهلية المحلية كنوز الصحراء,Le nom arabe ne correspond à aucun nom de société français dans la liste.
الشركة الأهلية الجهوية السلامة لخدمات سيارات الأجرة تاكسي جماعي بتونس الكبرى,Le nom ne correspond à aucun nom de société dans la liste française.
الشركة الأهلية الجهوية صدربعل في حالة تصفية,le nom arabe ne correspond à aucun des noms de sociétés français fournis.
الشركة الأهلية الجهوية الفوز لخدمات سيارات الأجرة لواج بمحطة باب سعدون تونس,Le nom n'a pas de correspondance directe avec la liste fournie.
الايمان للأعلاف شركة أهلية محلية,les noms ne correspondent pas
الشركة الأهلية المحلية قمرة الشمال,Le nom arabe ne correspond à aucun nom de société français dans la liste.
مناحل طبرقة شركة أهلية محلية,Le nom arabe ne correspond à aucun des noms de sociétés français.
الشركة الاهلية المحلية توبربو ماجوس,Le nom arabe ne correspond à aucun nom de société français dans la liste.
الشركة الأهلية الجهوية رتاج للمنتوجات الغابية و الفلاحية,Le nom arabe ne correspond à aucun nom de société français dans la liste.
الزيتونة الباهرة شركة أهلية جهوية,لا توجد مطابقة
الشركة الأهلية المحلية صابة,Le nom ne correspond à aucun nom de société dans la liste fournie.
التاج الفلاحي شركة الاهلية المحلية,aucune correspondance
الشركة الأهلية المحلية الخير و البركة بأميرة الجبال كسرى,Le nom arabe ne correspond à aucun des noms de sociétés donnés en français.
الشركة الأهلية المحلية منزل المحطة للفلاحة,Le nom arabe ne correspond à aucun des noms de sociétés proposés.
الشركة الأهلية الجهوية أصالة للخدمات السريعة,Le nom arabe ne correspond à aucun nom de société français dans la liste.
الشركة الأهلية الجهوية أبو جعفر الأربصي لخدمات النقل بولاية سوسة,Le nom arabe ne correspond à aucun nom de société français dans la liste.
الشركة الأهلية الجهوية أمل الساحل,aucune correspondance trouvée
الشركة الاهلية المحلية الصناعية عين بوهدمة بالمزونة,Le nom arabe ne correspond à aucun nom de société française dans la liste.
الشركة الأهلية الجهوية للاستثمار و التطور الفلاحي,Le nom arabe ne correspond à aucun nom de société dans la liste fournie.
الشركة الأهلية المحلية الوحدة رحال,Le nom arabe ne correspond à aucun nom de société français dans la liste.
الشركة الأهلية المحلية للخدمات الفلاحية الزعافرية,Le nom arabe ne correspond à aucun nom de société dans la liste fournie.
الشركة الأهلية المحلية الملك للرمال,le nom arabe ne correspond à aucune société française dans la liste
الشركة الأهلية الجهوية حنبعل لخدمات سيارات الأجرة لواج بصفاقس,Le nom ne correspond pas aux noms de sociétés listées.
الشركة الأهلية الجهوية صفاقس العزة,Le nom fourni en arabe ne figure pas sur la liste de noms français.
الشركة الاهلية المحلية العامرة للطاقات المتجددة,le nom arabe ne correspond à aucun nom de société dans la liste fournie
الشركة الأهلية المحلية الهناء,Le nom arabe ne correspond à aucun nom de société dans la liste fournie.
الشركة الأهلية الجهوية القدس لسيارات الأجرة لواج,Le nom arabe ne correspond à aucun nom de société dans la liste française.
الشركة الاهلية المحلية الصنم بالعذارى,Le nom arabe ne correspond à aucun nom de société français dans la liste.
النور و السلام للخدمات الفلاحية شركة أهلية جهوية,Le nom n'a pas été trouvé dans la liste fournie.
الشركة الأهلية المحلية كابصا النظيفة لرسكلة و تثمين النفايات,le nom ne correspond à aucune entreprise de la liste
الشركة الأهلية الجهوية الوعد للخدمات بقفصة,Le nom arabe ne correspond pas à aucun nom de société française dans la liste.
الشركة الأهلية الجهوية لتنمية السياحية و الرياضية,Le nom arabe ne correspond à aucun nom de société français dans la liste.
الشركة الأهلية الجهوية لسيارات الأجرة لواج قفصة,Le nom arabe ne correspond à aucun nom de société dans la liste fournie.
الشركة الأهلية المحلية للزراعة و التخزين سيدي صالح,Le nom ne correspond pas exactement à aucun nom de la liste française.
الشركة الأهلية المحلية للخياطة و التطريز بمدنين نيوفاشن,Le nom 'الشركة الأهلية المحلية للخياطة و التطريز بمدنين نيوفاشن' ne correspond à aucun nom de société dans la liste fournie.
الشركة الأهلية المحلية الفلاحية تيسير بالراقوبة الشرقية,Le nom arabe ne correspond à aucune société française dans la liste.
الشركة الاهلية المحلية للانتاج الفلاحي برمادة,Le nom arabe ne correspond à aucun nom de société français dans la liste.
الشركة الأهلية المحلية لتنمية الفلاحية للمساعدين,le nom arabe ne correspond à aucun nom français de la liste
الشركة الأهلية المحلية إزدهار برج النور,Le nom de la société en arabe ne correspond à aucun nom de société française dans la liste.
الشركة الأهلية الجهوية ار سام,Le nom arabe ne correspond à aucun nom de société français dans la liste.
الشركة الأهلية الجهوية فاطمة الزهراء لخدمات النقل بنابل,Le nom n'a pas de correspondance précise dans la liste fournie.
الشركة الأهلية المحلية للسياحة و البيئة و الترفيه تاكلسة,Le nom ne correspond pas clairement à aucune société française dans la liste.
الشركة الأهلية الجهوية للسياحة و الترفيه زمبرة الجامور,Le nom arabe ne correspond à aucun nom de société dans la liste.
الشركة الأهلية الجهوية إكو تاكي للفلاحة,Le nom arabe ne correspond pas exactement à aucun nom de société français dans la liste.
الشركة الأهلية المحلية السعادة,le nom arabe ne correspond à aucun nom de société française dans la liste
الشركة الأهلية المحلية خير البلاد,le nom arabe ne correspond à aucun nom français dans la liste
الشركة الأهلية المحلية المشارق,Le nom ne correspond à aucun nom de société dans la liste fournie.
الشركة الأهلية المحلية للتصرّف في أراضي مجموعة بني خيار,Le nom ne correspond à aucun nom de société française dans la liste.
الشركة الأهلية الجهوية للفلاحة الإمتياز,Le nom arabe ne correspond à aucun nom français dans la liste.
